{
  "model": "tf_mlp",
  "val_best_threshold": 0.56,
  "val_at_best": {
    "threshold": 0.56,
    "accuracy": 0.8480769230769231,
    "precision": 0.8120805369127517,
    "recall": 0.7034883720930233,
    "f1": 0.7538940809968847
  },
  "test": {
    "accuracy": 0.8153846153846154,
    "precision": 0.740506329113924,
    "recall": 0.6802325581395349,
    "f1": 0.7090909090909091,
    "confusion_matrix": [
      [
        921,
        123
      ],
      [
        165,
        351
      ]
    ]
  }
}