{
  "model": "tf_mlp",
  "val_best_threshold": 0.8400000000000001,
  "val_at_best": {
    "threshold": 0.8400000000000001,
    "accuracy": 0.7852564102564102,
    "precision": 0.9414634146341463,
    "recall": 0.374031007751938,
    "f1": 0.5353675450762829
  },
  "test": {
    "accuracy": 0.8147435897435897,
    "precision": 0.810958904109589,
    "recall": 0.5736434108527132,
    "f1": 0.6719636776390465,
    "confusion_matrix": [
      [
        975,
        69
      ],
      [
        220,
        296
      ]
    ]
  }
}