{
  "cv_best_C": 0.1,
  "cv_mean_f1": 0.7537016003698951,
  "val_best_threshold": 0.36,
  "val_best_f1": 0.7649253731343284,
  "calibration": "sigmoid",
  "test": {
    "accuracy": 0.8365384615384616,
    "precision": 0.7403314917127072,
    "recall": 0.7790697674418605,
    "f1": 0.7592067988668555,
    "confusion_matrix": [
      [
        903,
        141
      ],
      [
        114,
        402
      ]
    ]
  },
  "sizes": {
    "n_train": 7280,
    "n_val": 1560,
    "n_test": 1560
  }
}