{
  "model": "tf_mlp",
  "val_best_threshold": 0.57,
  "test": {
    "accuracy": 0.8333333333333334,
    "precision": 0.747104247104247,
    "recall": 0.75,
    "f1": 0.7485493230174082,
    "confusion_matrix": [
      [
        913,
        131
      ],
      [
        129,
        387
      ]
    ]
  },
  "sizes": {
    "n_train": 7280,
    "n_val": 1560,
    "n_test": 1560
  }
}